scenario,label,rho_bench,rho_bench_std,rho_true,gamma_bench,gamma_bench_std,gamma_true,ib_belief_holds
both_robust,"weak covariates, weak U",0.021477131484592172,0.004980453184914716,0.014287943199232739,1.2527112522772303,0.030845869115338043,1.2616894844740314,True
rho_robust_gamma_not,"one rare-strong, rest weak",0.21605951688561847,0.023765758935183075,0.060789472520983295,4.209150213723508,0.32506459913680213,1.5596493540908458,True
gamma_robust_rho_not,all common-moderate,0.11805691792990869,0.011569568859012874,0.06083764529713673,1.6938464954241859,0.04551505389808335,1.5596493540908458,True
both_not_robust,"strong covariates, strong U",0.203094434078427,0.017678380235150434,0.16226037687100198,2.094403287502015,0.07352868282831804,2.037790972289215,True
